48,David_0_1995,David,Test-user,,06/07/1995,0-david@emailaddress.com,,0 The Road,,Bury St. Edmunds,,Suffolk,IP3 1AA,Swimmer,1bd83a30-a3f9-46cf-8866-cd63c205597b,1,afd81ef3-2402-475a-b735-51cfacbdc2ea,NULL
49,Hetty_1_1985,Hetty,Test-user,,02/05/1985,1-hetty@emailaddress.com,,1 The Road,,Ipswich,,Suffolk,IP6 6AA,Swimmer,1bd83a30-a3f9-46cf-8866-cd63c205597b,1,b50181d6-fc3c-4434-b4c3-3e8bf7fc7fa7,NULL
50,Vincent_2_1964,Vincent,Test-user,,02/06/1964,2-vincent@emailaddress.com,,2 The Road,,Bury St. Edmunds,,Suffolk,IP8 5AA,Swimmer,1bd83a30-a3f9-46cf-8866-cd63c205597b,1,cfbeae68-6946-4058-a4ff-c08ceabf810e,NULL
51,Nicola_3_1977,Nicola,Test-user,,08/09/1977,3-nicola@emailaddress.com,,3 The Road,,Bury St. Edmunds,,Suffolk,IP0 1AA,Swimmer,1bd83a30-a3f9-46cf-8866-cd63c205597b,1,3331b4bb-02e8-4ef1-97e4-e29afaf4354f,NULL
52,Elizabeth_4_1993,Elizabeth,Test-user,,08/02/1993,4-elizabeth@emailaddress.com,,4 The Road,,Stowmarket,,Suffolk,IP5 3AA,Swimmer,1bd83a30-a3f9-46cf-8866-cd63c205597b,1,ee15b43e-85db-44ff-8d6e-26636a2b24d5,NULL
53,Barry_5_1963,Barry,Test-user,,07/05/1963,5-barry@emailaddress.com,,5 The Road,,Ipswich,,Suffolk,IP3 9AA,Swimmer,1bd83a30-a3f9-46cf-8866-cd63c205597b,1,33c2b0ec-c920-456e-9865-cb614eb0c360,NULL
54,Sally_6_1976,Sally,Test-user,,03/07/1976,6-sally@emailaddress.com,,6 The Road,,Stowmarket,,Suffolk,IP8 4AA,Swimmer,1bd83a30-a3f9-46cf-8866-cd63c205597b,1,c87168da-db28-45b5-82d4-2c7f09aeb5f7,NULL
55,Anne_7_1998,Anne,Test-user,,09/07/1998,7-anne@emailaddress.com,,7 The Road,,Ipswich,,Suffolk,IP3 1AA,Swimmer,1bd83a30-a3f9-46cf-8866-cd63c205597b,1,fd25f346-9f38-4216-87c9-27962469b23f,NULL
56,Chris_8_1987,Chris,Test-user,,03/03/1987,8-chris@emailaddress.com,,8 The Road,,Holbrook,,Suffolk,IP1 7AA,Swimmer,1bd83a30-a3f9-46cf-8866-cd63c205597b,1,0ab714c8-c373-4233-a9f7-771bb439720c,NULL
57,Anne_9_1986,Anne,Test-user,,09/06/1986,9-anne@emailaddress.com,,9 The Road,,Stowmarket,,Suffolk,IP1 3AA,Swimmer,1bd83a30-a3f9-46cf-8866-cd63c205597b,1,d9fe67d1-1955-4b34-9260-fb8b67c86734,NULL
58,Raymond_10_1998,Raymond,Test-user,,02/08/1998,10-raymond@emailaddress.com,,10 The Road,,Haverhill,,Suffolk,IP2 8AA,Swimmer,1bd83a30-a3f9-46cf-8866-cd63c205597b,1,f059e2a2-4c39-4474-b1a4-31fc7e7de1e3,NULL
59,Anne_11_1993,Anne,Test-user,,07/06/1993,11-anne@emailaddress.com,,11 The Road,,Stowmarket,,Suffolk,IP7 9AA,Swimmer,1bd83a30-a3f9-46cf-8866-cd63c205597b,1,ac9c05bc-4e7b-4bd6-b023-265b9ced9fb2,NULL
60,Gary_12_1996,Gary,Test-user,,03/01/1996,12-gary@emailaddress.com,,12 The Road,,Hadleigh,,Suffolk,IP0 0AA,Swimmer,1bd83a30-a3f9-46cf-8866-cd63c205597b,1,7b9ac9f4-f813-4e8a-a06a-16982149d988,NULL
61,Indigo_13_1987,Indigo,Test-user,,06/01/1987,13-indigo@emailaddress.com,,13 The Road,,Holbrook,,Suffolk,IP7 0AA,Swimmer,1bd83a30-a3f9-46cf-8866-cd63c205597b,1,a50a2e51-d179-43c3-ac16-47df6a4bc29b,NULL
62,Anne_14_1968,Anne,Test-user,,01/02/1968,14-anne@emailaddress.com,,14 The Road,,Felixstowe,,Suffolk,IP9 8AA,Swimmer,1bd83a30-a3f9-46cf-8866-cd63c205597b,1,118852f6-a8af-4a5d-b114-a95bd151f3aa,NULL
63,Flo_15_1950,Flo,Test-user,,06/07/1950,15-flo@emailaddress.com,,15 The Road,,Bury St. Edmunds,,Suffolk,IP7 1AA,Swimmer,1bd83a30-a3f9-46cf-8866-cd63c205597b,1,81aeca8b-d671-4790-b371-fab3cfec8b4f,NULL
64,Chris_16_1971,Chris,Test-user,,08/05/1971,16-chris@emailaddress.com,,16 The Road,,Sudbury,,Suffolk,IP1 2AA,Swimmer,1bd83a30-a3f9-46cf-8866-cd63c205597b,1,be6cfbda-ed08-49e6-828b-c76f7411249b,NULL
65,Barry_17_1954,Barry,Test-user,,06/05/1954,17-barry@emailaddress.com,,17 The Road,,Stowmarket,,Suffolk,IP2 4AA,Swimmer,1bd83a30-a3f9-46cf-8866-cd63c205597b,1,f119694b-3ffa-4b37-93b0-c2ec032ece68,NULL
66,Chris_18_1984,Chris,Test-user,,08/07/1984,18-chris@emailaddress.com,,18 The Road,,Ipswich,,Suffolk,IP0 3AA,Swimmer,1bd83a30-a3f9-46cf-8866-cd63c205597b,1,f3ea2fe7-7525-4575-be52-198286ce4dd6,NULL
67,Barry_19_1968,Barry,Test-user,,04/02/1968,19-barry@emailaddress.com,,19 The Road,,Ipswich,,Suffolk,IP0 4AA,Swimmer,1bd83a30-a3f9-46cf-8866-cd63c205597b,1,4b714308-8d92-4110-bf85-51cc95e7590d,NULL
68,Flo_20_1971,Flo,Test-user,,09/03/1971,20-flo@emailaddress.com,,20 The Road,,Bury St. Edmunds,,Suffolk,IP1 4AA,Swimmer,1bd83a30-a3f9-46cf-8866-cd63c205597b,1,24e25a8e-1aee-4569-ae0f-859adca30004,NULL
69,Matt_21_1957,Matt,Test-user,,05/09/1957,21-matt@emailaddress.com,,21 The Road,,Holbrook,,Suffolk,IP3 2AA,Swimmer,1bd83a30-a3f9-46cf-8866-cd63c205597b,1,36dd662a-6658-47a7-9d03-3ad7c1418ab1,NULL
70,Olivia_22_1991,Olivia,Test-user,,08/02/1991,22-olivia@emailaddress.com,,22 The Road,,Felixstowe,,Suffolk,IP9 4AA,Swimmer,1bd83a30-a3f9-46cf-8866-cd63c205597b,1,aff1fe7b-a54a-41a5-9fd1-8ac8d2d7db93,NULL
71,Nicola_23_1990,Nicola,Test-user,,03/02/1990,23-nicola@emailaddress.com,,23 The Road,,Sudbury,,Suffolk,IP4 7AA,Swimmer,1bd83a30-a3f9-46cf-8866-cd63c205597b,1,d7252ece-de71-40ea-9187-0e0cd2e529af,NULL
72,Chris_24_1993,Chris,Test-user,,06/02/1993,24-chris@emailaddress.com,,24 The Road,,Holbrook,,Suffolk,IP9 8AA,Swimmer,1bd83a30-a3f9-46cf-8866-cd63c205597b,1,b1aafdc7-ac06-4a7f-895d-d7eb0147c7c2,NULL
73,Barry_25_1960,Barry,Test-user,,06/05/1960,25-barry@emailaddress.com,,25 The Road,,Felixstowe,,Suffolk,IP1 5AA,Swimmer,1bd83a30-a3f9-46cf-8866-cd63c205597b,1,244bab36-63b1-4378-a368-854c879a0cf7,NULL
74,Paul_26_1954,Paul,Test-user,,02/08/1954,26-paul@emailaddress.com,,26 The Road,,Haverhill,,Suffolk,IP6 9AA,Swimmer,1bd83a30-a3f9-46cf-8866-cd63c205597b,1,7d6a8169-2c3a-405e-9104-09c744b5cc95,NULL
75,Olivia_27_1971,Olivia,Test-user,,03/01/1971,27-olivia@emailaddress.com,,27 The Road,,Sudbury,,Suffolk,IP5 6AA,Swimmer,1bd83a30-a3f9-46cf-8866-cd63c205597b,1,69f34603-fe51-4666-a7c7-e5b637e9e632,NULL
76,David_28_1965,David,Test-user,,04/03/1965,28-david@emailaddress.com,,28 The Road,,Sudbury,,Suffolk,IP2 9AA,Swimmer,1bd83a30-a3f9-46cf-8866-cd63c205597b,1,f2ce974e-3820-495a-ac31-f89cdd7bd83e,NULL
77,Anne_29_1979,Anne,Test-user,,09/02/1979,29-anne@emailaddress.com,,29 The Road,,Ipswich,,Suffolk,IP3 0AA,Swimmer,1bd83a30-a3f9-46cf-8866-cd63c205597b,1,048ac5c1-69ae-4e2f-bfdb-38d7a9f1c379,NULL
78,Raymond_30_1989,Raymond,Test-user,,09/07/1989,30-raymond@emailaddress.com,,30 The Road,,Ipswich,,Suffolk,IP5 3AA,Swimmer,1bd83a30-a3f9-46cf-8866-cd63c205597b,1,88f946ca-4e20-407d-801e-58a4f37e049f,NULL
79,Trevor_31_1983,Trevor,Test-user,,09/01/1983,31-trevor@emailaddress.com,,31 The Road,,Ipswich,,Suffolk,IP6 4AA,Swimmer,1bd83a30-a3f9-46cf-8866-cd63c205597b,1,0d35674b-6936-40df-b869-3ab61efdcbae,NULL